{
  "n_samples": 4301,
  "feature_names": [
    "yes_price",
    "yes_price_sq",
    "log_volume",
    "dist_from_half",
    "cat_crypto",
    "cat_esports",
    "cat_politics",
    "cat_sports",
    "cat_stocks",
    "cat_weather"
  ],
  "n_continuous": 4,
  "scaler_mean": [
    0.3941764705882396,
    0.18779291780981427,
    9.419472757778516,
    0.13865310392931693
  ],
  "scaler_scale": [
    0.18004951497967053,
    0.13746522568226094,
    1.7513609681026465,
    0.15617862847503344
  ],
  "coef": [
    2.6990108721928303,
    -1.2751142587031987,
    0.23843613093890126,
    0.6987984570819655,
    0.13557896155116508,
    0.25325251506826935,
    0.06903820809476613,
    -0.8330651570749215,
    1.3832628877527733,
    -0.19785617210956558
  ],
  "intercept": -0.8966492160972257,
  "train_auc": 0.7431,
  "cv_auc_mean": 0.7234,
  "cv_auc_std": 0.0429,
  "known_categories": [
    "crypto",
    "esports",
    "politics",
    "sports",
    "stocks",
    "weather"
  ]
}