{
  "n_samples": 3080,
  "feature_names": [
    "yes_price",
    "yes_price_sq",
    "log_volume",
    "dist_from_half",
    "cat_crypto",
    "cat_esports",
    "cat_politics",
    "cat_sports",
    "cat_stocks",
    "cat_weather"
  ],
  "n_continuous": 4,
  "scaler_mean": [
    0.38278555194805325,
    0.18776578741883113,
    9.694345284227756,
    0.1865277597402583
  ],
  "scaler_scale": [
    0.20307882370807773,
    0.17466392657141133,
    1.8243176309279432,
    0.1420831809788166
  ],
  "coef": [
    1.7676062450794177,
    -0.6500484767074381,
    0.0639345128261646,
    0.28120072489506187,
    0.055645792330502916,
    0.13872872534634814,
    -0.06972634647042682,
    0.17231832074658465,
    1.5701235126842779,
    0.08911835077073231
  ],
  "intercept": -0.7648387478204683,
  "train_auc": 0.7466,
  "cv_auc_mean": 0.7369,
  "cv_auc_std": 0.0398,
  "known_categories": [
    "crypto",
    "esports",
    "politics",
    "sports",
    "stocks",
    "weather"
  ]
}