{
  "n_samples": 3067,
  "feature_names": [
    "yes_price",
    "yes_price_sq",
    "log_volume",
    "dist_from_half",
    "log_days_to_resolution",
    "cat_crypto",
    "cat_esports",
    "cat_politics",
    "cat_sports",
    "cat_stocks",
    "cat_weather"
  ],
  "n_continuous": 5,
  "scaler_mean": [
    0.38582702967068866,
    0.19765946209651128,
    9.470188839431295,
    0.2042900228236052,
    1.335300235587422
  ],
  "scaler_scale": [
    0.22090035145287878,
    0.20198013571222892,
    1.7604261975167126,
    0.141767482169057,
    0.8729815102036302
  ],
  "coef": [
    1.7309871314019905,
    -0.4534872847680302,
    0.07673393260557491,
    0.19295971459130834,
    -0.098603377466959,
    -0.5596000017685755,
    -0.11157732815780451,
    0.6879113511856334,
    -0.31365914438611175,
    0.29134491502441034,
    0.01798676791483745
  ],
  "intercept": -0.5803493609118475,
  "train_auc": 0.7813,
  "cv_auc_mean": 0.7761,
  "cv_auc_std": 0.0278,
  "known_categories": [
    "crypto",
    "esports",
    "politics",
    "sports",
    "stocks",
    "weather"
  ]
}